{
  "Obter Calendário" : {
    "transaction" : "Obter Calendário",
    "sampleCount" : 100,
    "errorCount" : 0,
    "errorPct" : 0.0,
    "meanResTime" : 553.56,
    "medianResTime" : 170.5,
    "minResTime" : 70.0,
    "maxResTime" : 12304.0,
    "pct1ResTime" : 405.3000000000003,
    "pct2ResTime" : 484.6999999999997,
    "pct3ResTime" : 12302.76,
    "throughput" : 3.3821490174857103,
    "receivedKBytesPerSec" : 0.805605436381777,
    "sentKBytesPerSec" : 0.9941668498664051
  },
  "Validar Access Token" : {
    "transaction" : "Validar Access Token",
    "sampleCount" : 100,
    "errorCount" : 0,
    "errorPct" : 0.0,
    "meanResTime" : 1491.9899999999998,
    "medianResTime" : 887.0,
    "minResTime" : 125.0,
    "maxResTime" : 13177.0,
    "pct1ResTime" : 3215.6000000000004,
    "pct2ResTime" : 3413.5499999999993,
    "pct3ResTime" : 13083.709999999952,
    "throughput" : 3.3823778116015557,
    "receivedKBytesPerSec" : 1.2749978860138678,
    "sentKBytesPerSec" : 1.1560861660747506
  },
  "Obter Monitoramento" : {
    "transaction" : "Obter Monitoramento",
    "sampleCount" : 100,
    "errorCount" : 0,
    "errorPct" : 0.0,
    "meanResTime" : 5470.620000000003,
    "medianResTime" : 4260.0,
    "minResTime" : 774.0,
    "maxResTime" : 19187.0,
    "pct1ResTime" : 11569.0,
    "pct2ResTime" : 16029.099999999968,
    "pct3ResTime" : 19183.859999999997,
    "throughput" : 5.04133897963299,
    "receivedKBytesPerSec" : 1.0674444507461183,
    "sentKBytesPerSec" : 1.0781769888082275
  },
  "Obter Perfil do Usuário" : {
    "transaction" : "Obter Perfil do Usuário",
    "sampleCount" : 100,
    "errorCount" : 0,
    "errorPct" : 0.0,
    "meanResTime" : 1602.0800000000002,
    "medianResTime" : 440.0,
    "minResTime" : 162.0,
    "maxResTime" : 12798.0,
    "pct1ResTime" : 3298.3000000000065,
    "pct2ResTime" : 12474.199999999993,
    "pct3ResTime" : 12796.779999999999,
    "throughput" : 3.3027280533720855,
    "receivedKBytesPerSec" : 1.6571373501387145,
    "sentKBytesPerSec" : 0.9224416242816567
  },
  "Auto Infração Completo" : {
    "transaction" : "Auto Infração Completo",
    "sampleCount" : 100,
    "errorCount" : 0,
    "errorPct" : 0.0,
    "meanResTime" : 35300.88,
    "medianResTime" : 36252.5,
    "minResTime" : 7935.0,
    "maxResTime" : 52089.0,
    "pct1ResTime" : 47617.9,
    "pct2ResTime" : 49540.05,
    "pct3ResTime" : 52072.969999999994,
    "throughput" : 1.9121190102872003,
    "receivedKBytesPerSec" : 30.682787821714022,
    "sentKBytesPerSec" : 0.5433853828062258
  },
  "Obter Detalhes Documentos" : {
    "transaction" : "Obter Detalhes Documentos",
    "sampleCount" : 100,
    "errorCount" : 100,
    "errorPct" : 100.0,
    "meanResTime" : 1343.09,
    "medianResTime" : 828.5,
    "minResTime" : 148.0,
    "maxResTime" : 12898.0,
    "pct1ResTime" : 2046.4000000000008,
    "pct2ResTime" : 2191.4499999999994,
    "pct3ResTime" : 12890.229999999996,
    "throughput" : 3.0196883681604056,
    "receivedKBytesPerSec" : 1.2886756024278294,
    "sentKBytesPerSec" : 1.2061059986109433
  },
  "Consulta Genérica Detalhe" : {
    "transaction" : "Consulta Genérica Detalhe",
    "sampleCount" : 100,
    "errorCount" : 0,
    "errorPct" : 0.0,
    "meanResTime" : 17175.030000000002,
    "medianResTime" : 17093.5,
    "minResTime" : 15209.0,
    "maxResTime" : 19407.0,
    "pct1ResTime" : 19173.7,
    "pct2ResTime" : 19256.0,
    "pct3ResTime" : 19406.9,
    "throughput" : 4.939491232403062,
    "receivedKBytesPerSec" : 14.064429488762658,
    "sentKBytesPerSec" : 1.519472400592739
  },
  "Total" : {
    "transaction" : "Total",
    "sampleCount" : 1200,
    "errorCount" : 100,
    "errorPct" : 8.333333,
    "meanResTime" : 7299.674166666667,
    "medianResTime" : 3257.0,
    "minResTime" : 70.0,
    "maxResTime" : 52089.0,
    "pct1ResTime" : 18450.40000000003,
    "pct2ResTime" : 33276.70000000001,
    "pct3ResTime" : 47286.66,
    "throughput" : 22.9454281234464,
    "receivedKBytesPerSec" : 52.21563802631076,
    "sentKBytesPerSec" : 7.988325318367815
  },
  "Consulta Genérica Sumário" : {
    "transaction" : "Consulta Genérica Sumário",
    "sampleCount" : 100,
    "errorCount" : 0,
    "errorPct" : 0.0,
    "meanResTime" : 5108.110000000002,
    "medianResTime" : 5570.5,
    "minResTime" : 3235.0,
    "maxResTime" : 7513.0,
    "pct1ResTime" : 7105.8,
    "pct2ResTime" : 7210.999999999999,
    "pct3ResTime" : 7511.44,
    "throughput" : 11.984659635666347,
    "receivedKBytesPerSec" : 3.58860970457814,
    "sentKBytesPerSec" : 3.6866872902684564
  },
  "Obter Conteudo Documentos" : {
    "transaction" : "Obter Conteudo Documentos",
    "sampleCount" : 100,
    "errorCount" : 0,
    "errorPct" : 0.0,
    "meanResTime" : 5768.630000000001,
    "medianResTime" : 2269.5,
    "minResTime" : 369.0,
    "maxResTime" : 14227.0,
    "pct1ResTime" : 13123.5,
    "pct2ResTime" : 13450.55,
    "pct3ResTime" : 14224.179999999998,
    "throughput" : 2.9836496001909536,
    "receivedKBytesPerSec" : 13.602295358933048,
    "sentKBytesPerSec" : 0.8945121359947488
  },
  "Converter Valor UPF" : {
    "transaction" : "Converter Valor UPF",
    "sampleCount" : 100,
    "errorCount" : 0,
    "errorPct" : 0.0,
    "meanResTime" : 1390.19,
    "medianResTime" : 410.5,
    "minResTime" : 158.0,
    "maxResTime" : 13640.0,
    "pct1ResTime" : 3570.6000000000017,
    "pct2ResTime" : 6911.749999999969,
    "pct3ResTime" : 13636.499999999998,
    "throughput" : 3.3563804792911323,
    "receivedKBytesPerSec" : 0.7507279150164462,
    "sentKBytesPerSec" : 1.111145490702826
  },
  "Calcular Debito Remanescente" : {
    "transaction" : "Calcular Debito Remanescente",
    "sampleCount" : 100,
    "errorCount" : 0,
    "errorPct" : 0.0,
    "meanResTime" : 6933.759999999999,
    "medianResTime" : 7200.0,
    "minResTime" : 793.0,
    "maxResTime" : 19435.0,
    "pct1ResTime" : 16189.300000000023,
    "pct2ResTime" : 18775.199999999997,
    "pct3ResTime" : 19434.73,
    "throughput" : 4.935834155972359,
    "receivedKBytesPerSec" : 1.6976570212240867,
    "sentKBytesPerSec" : 4.241732477788746
  },
  "Obter Localidade" : {
    "transaction" : "Obter Localidade",
    "sampleCount" : 100,
    "errorCount" : 0,
    "errorPct" : 0.0,
    "meanResTime" : 5458.149999999999,
    "medianResTime" : 6273.0,
    "minResTime" : 271.0,
    "maxResTime" : 13540.0,
    "pct1ResTime" : 7495.5,
    "pct2ResTime" : 7989.049999999999,
    "pct3ResTime" : 13491.449999999975,
    "throughput" : 3.3980087668626187,
    "receivedKBytesPerSec" : 4.188112172516905,
    "sentKBytesPerSec" : 0.8826858710795474
  }
}