{
  "Auto Infração Completo" : {
    "transaction" : "Auto Infração Completo",
    "sampleCount" : 100,
    "errorCount" : 4,
    "errorPct" : 4.0,
    "meanResTime" : 23939.02,
    "medianResTime" : 23932.5,
    "minResTime" : 2308.0,
    "maxResTime" : 37028.0,
    "pct1ResTime" : 35727.3,
    "pct2ResTime" : 36482.799999999996,
    "pct3ResTime" : 37026.35,
    "throughput" : 2.640124613881775,
    "receivedKBytesPerSec" : 40.97194950101645,
    "sentKBytesPerSec" : 0.7202589962246218
  },
  "Obter Perfil do Usuário" : {
    "transaction" : "Obter Perfil do Usuário",
    "sampleCount" : 100,
    "errorCount" : 25,
    "errorPct" : 25.0,
    "meanResTime" : 13820.609999999999,
    "medianResTime" : 11707.0,
    "minResTime" : 3406.0,
    "maxResTime" : 34511.0,
    "pct1ResTime" : 21188.9,
    "pct2ResTime" : 33260.799999999974,
    "pct3ResTime" : 34509.88,
    "throughput" : 2.841716396703609,
    "receivedKBytesPerSec" : 3.0805981813015064,
    "sentKBytesPerSec" : 0.5952618819266837
  },
  "Consulta Genérica Detalhe" : {
    "transaction" : "Consulta Genérica Detalhe",
    "sampleCount" : 100,
    "errorCount" : 8,
    "errorPct" : 8.0,
    "meanResTime" : 7340.23,
    "medianResTime" : 5988.0,
    "minResTime" : 1035.0,
    "maxResTime" : 21213.0,
    "pct1ResTime" : 15161.9,
    "pct2ResTime" : 21028.95,
    "pct3ResTime" : 21212.91,
    "throughput" : 4.505519261094841,
    "receivedKBytesPerSec" : 12.873817301193963,
    "sentKBytesPerSec" : 1.2750971502590673
  },
  "Total" : {
    "transaction" : "Total",
    "sampleCount" : 1100,
    "errorCount" : 179,
    "errorPct" : 16.272728,
    "meanResTime" : 13015.042727272737,
    "medianResTime" : 10553.5,
    "minResTime" : 1035.0,
    "maxResTime" : 37028.0,
    "pct1ResTime" : 27244.999999999993,
    "pct2ResTime" : 33378.0,
    "pct3ResTime" : 35575.590000000004,
    "throughput" : 29.041370752699528,
    "receivedKBytesPerSec" : 76.73243739604509,
    "sentKBytesPerSec" : 8.488026416096838
  },
  "Consulta Genérica Sumário" : {
    "transaction" : "Consulta Genérica Sumário",
    "sampleCount" : 100,
    "errorCount" : 9,
    "errorPct" : 9.0,
    "meanResTime" : 7546.75,
    "medianResTime" : 6426.5,
    "minResTime" : 1118.0,
    "maxResTime" : 21165.0,
    "pct1ResTime" : 15150.2,
    "pct2ResTime" : 21078.85,
    "pct3ResTime" : 21164.829999999998,
    "throughput" : 4.5160998961297025,
    "receivedKBytesPerSec" : 2.3291873419365037,
    "sentKBytesPerSec" : 1.2641992531499797
  },
  "Obter Calendário" : {
    "transaction" : "Obter Calendário",
    "sampleCount" : 100,
    "errorCount" : 23,
    "errorPct" : 23.0,
    "meanResTime" : 11851.58,
    "medianResTime" : 8230.0,
    "minResTime" : 1876.0,
    "maxResTime" : 34156.0,
    "pct1ResTime" : 21167.3,
    "pct2ResTime" : 30783.0,
    "pct3ResTime" : 34140.70999999999,
    "throughput" : 2.8636884306987396,
    "receivedKBytesPerSec" : 2.3876002290950744,
    "sentKBytesPerSec" : 0.6481611988115693
  },
  "Obter Conteudo Documentos" : {
    "transaction" : "Obter Conteudo Documentos",
    "sampleCount" : 100,
    "errorCount" : 30,
    "errorPct" : 30.0,
    "meanResTime" : 16145.190000000002,
    "medianResTime" : 12120.0,
    "minResTime" : 4296.0,
    "maxResTime" : 35436.0,
    "pct1ResTime" : 33471.7,
    "pct2ResTime" : 34171.5,
    "pct3ResTime" : 35426.67,
    "throughput" : 2.7961860022928726,
    "receivedKBytesPerSec" : 11.303800366300367,
    "sentKBytesPerSec" : 0.5868167694265023
  },
  "Validar Access Token" : {
    "transaction" : "Validar Access Token",
    "sampleCount" : 100,
    "errorCount" : 14,
    "errorPct" : 14.0,
    "meanResTime" : 11618.489999999998,
    "medianResTime" : 7227.5,
    "minResTime" : 1512.0,
    "maxResTime" : 34402.0,
    "pct1ResTime" : 30886.1,
    "pct2ResTime" : 32871.0,
    "pct3ResTime" : 34401.7,
    "throughput" : 2.841554898840646,
    "receivedKBytesPerSec" : 2.0409801055637646,
    "sentKBytesPerSec" : 0.8352617427256195
  },
  "Obter Monitoramento" : {
    "transaction" : "Obter Monitoramento",
    "sampleCount" : 100,
    "errorCount" : 8,
    "errorPct" : 8.0,
    "meanResTime" : 8977.86,
    "medianResTime" : 6541.0,
    "minResTime" : 1299.0,
    "maxResTime" : 34073.0,
    "pct1ResTime" : 21128.2,
    "pct2ResTime" : 32398.849999999977,
    "pct3ResTime" : 34072.72,
    "throughput" : 2.8608210556429694,
    "receivedKBytesPerSec" : 1.2087527714203976,
    "sentKBytesPerSec" : 0.5628888928622515
  },
  "Converter Valor UPF" : {
    "transaction" : "Converter Valor UPF",
    "sampleCount" : 100,
    "errorCount" : 29,
    "errorPct" : 29.0,
    "meanResTime" : 16793.6,
    "medianResTime" : 16212.5,
    "minResTime" : 5296.0,
    "maxResTime" : 34186.0,
    "pct1ResTime" : 21199.3,
    "pct2ResTime" : 32748.39999999998,
    "pct3ResTime" : 34184.11,
    "throughput" : 2.8451930463481947,
    "receivedKBytesPerSec" : 2.779620237858139,
    "sentKBytesPerSec" : 0.6687592913335421
  },
  "Calcular Debito Remanescente" : {
    "transaction" : "Calcular Debito Remanescente",
    "sampleCount" : 100,
    "errorCount" : 6,
    "errorPct" : 6.0,
    "meanResTime" : 11695.1,
    "medianResTime" : 11082.0,
    "minResTime" : 1313.0,
    "maxResTime" : 35311.0,
    "pct1ResTime" : 21197.0,
    "pct2ResTime" : 34405.54999999999,
    "pct3ResTime" : 35310.5,
    "throughput" : 2.7785495971103087,
    "receivedKBytesPerSec" : 1.3667533516254515,
    "sentKBytesPerSec" : 2.244547096415671
  },
  "Obter Localidade" : {
    "transaction" : "Obter Localidade",
    "sampleCount" : 100,
    "errorCount" : 23,
    "errorPct" : 23.0,
    "meanResTime" : 13437.039999999997,
    "medianResTime" : 10567.5,
    "minResTime" : 3457.0,
    "maxResTime" : 35335.0,
    "pct1ResTime" : 29955.400000000056,
    "pct2ResTime" : 34200.099999999984,
    "pct3ResTime" : 35334.78,
    "throughput" : 2.794779352170146,
    "receivedKBytesPerSec" : 4.476914467524664,
    "sentKBytesPerSec" : 0.5590104559682513
  }
}